first_name,last_name,email,gender,department
Filberto,Pavlovic,fpavlovic0@nifty.com,Male,Human Resources
Lowell,Thewlis,lthewlis1@japanpost.jp,Male,Human Resources
Sandy,Keenan,skeenan2@wufoo.com,Male,Legal
Johnathan,Woolston,jwoolston3@state.tx.us,Male,Training
Reid,Maggorini,rmaggorini4@last.fm,Male,Business Development
Inglebert,Mellmer,imellmer5@clickbank.net,Male,Product Management
Caprice,Geldart,cgeldart6@ft.com,Female,Sales
Brandy,Riccardelli,briccardelli7@washingtonpost.com,Male,Sales
Blythe,Porrett,bporrett8@flavors.me,Female,Marketing

